,size,H,name,slope,intercept,r_value
0,500,0.45,0.45_1,0.961422418676394,7.888322934655453,0.2535510995701804
1,1000,0.45,0.45_1,-0.04894183899440632,10.608415037988218,-0.02245030468296544
2,1500,0.45,0.45_1,0.022822225069689752,11.01645923178297,0.009132446750704664
3,2000,0.45,0.45_1,0.10376824174349406,11.171569599584828,0.045538759926272446
4,2500,0.45,0.45_1,0.08411032440998024,11.244013633085544,0.046582760264299895
5,3000,0.45,0.45_1,0.04480676563817103,11.326916486078762,0.025353851133127176
6,3500,0.45,0.45_1,-0.02659561168200258,11.07697708438061,-0.015505131930388006
7,4000,0.45,0.45_1,-0.005757113529859993,11.433175775664209,-0.003214181832301849
8,4500,0.45,0.45_1,0.015604157380265733,11.95352866533797,0.008184588138790276
9,5000,0.45,0.45_1,0.03924585313382297,12.283493712681171,0.020015613054232856
10,5500,0.45,0.45_1,0.05191684404168584,12.470386638922138,0.026444059357750568
11,6000,0.45,0.45_1,0.05323408756828776,12.558796293420528,0.02881165274629393
12,6500,0.45,0.45_1,0.04535582126696472,12.593793047654437,0.025135000718101815
13,7000,0.45,0.45_1,0.030322812151986712,12.57581624746272,0.016484505100357736
14,7500,0.45,0.45_1,0.0411859104139738,12.700429634272876,0.02292965675747256
15,8000,0.45,0.45_1,0.04328122918415695,12.795940255942977,0.02528492427441446
16,8500,0.45,0.45_1,0.04288366848501403,12.863430427519882,0.024279850091661503
17,9000,0.45,0.45_1,0.056303052926923156,13.318979010855655,0.02972067442283691
18,9500,0.45,0.45_1,0.07441603432693986,13.738218557298541,0.036497217049438854
19,10000,0.45,0.45_1,0.07702543273970615,13.874055130440787,0.03843855670761878
20,10500,0.45,0.45_1,0.07213620778115275,13.879593544991911,0.037164989630963284
21,11000,0.45,0.45_1,0.07709891996375183,14.024044149154115,0.039100822897430255
22,11500,0.45,0.45_1,0.10033407210875214,15.038092462768326,0.044586230602708665
23,12000,0.45,0.45_1,0.13933482763874977,16.06901654860342,0.0574086777615036
24,12500,0.45,0.45_1,0.22754667414158672,18.263884602970926,0.08309660875655307
25,13000,0.45,0.45_1,0.2304049511453021,18.259385139296747,0.086038848222504
26,13500,0.45,0.45_1,0.18738416945536515,17.289332360352343,0.07340517549522665
27,14000,0.45,0.45_1,0.2427818449836903,18.501093662337023,0.09495381991846938
28,14500,0.45,0.45_1,0.192243527692642,17.54829067648811,0.08203654495149963
29,15000,0.45,0.45_1,0.15604362329574145,16.9107621157846,0.07175029484259882
30,15500,0.45,0.45_1,0.126699672235662,16.42529554736855,0.062400778913189826
31,16000,0.45,0.45_1,0.08940608425794026,15.702784715629056,0.047124073417276716
32,16500,0.45,0.45_1,0.06644191676215115,15.25067526301398,0.03682171279192155
33,17000,0.45,0.45_1,0.044112095021202766,14.813856597473784,0.02557512613102123
34,17500,0.45,0.45_1,0.03371098284905174,14.603060940246294,0.020260653584855227
35,18000,0.45,0.45_1,0.023875319988704513,14.412395327799516,0.014906291407536042
36,18500,0.45,0.45_1,0.021733797012329425,14.36891488030623,0.014067233323527896
37,19000,0.45,0.45_1,0.028610707222465566,14.50529927916193,0.01910223023186384
38,19500,0.45,0.45_1,0.03578712869538029,14.69622796903257,0.024470041096022344
39,20000,0.45,0.45_1,0.041322890787117456,14.876060149664113,0.028757123686816
40,20500,0.45,0.45_1,0.027857059291047672,14.679158485188738,0.020450037758721593
41,21000,0.45,0.45_1,0.02558059522728584,14.625454293622429,0.019298040653490396
42,21500,0.45,0.45_1,0.03292130455599524,14.740714319731644,0.025145396305632218
43,22000,0.45,0.45_1,0.02838960025428456,14.665864138518552,0.022300067000435696
44,22500,0.45,0.45_1,0.024477382518884868,14.608340204488375,0.01987298817596527
45,23000,0.45,0.45_1,0.046432180918648466,14.939366524621322,0.037611610647403725
46,23500,0.45,0.45_1,0.04272744853760465,14.95032584362755,0.03587967871229805
47,24000,0.45,0.45_1,0.03412614664990049,14.85532636912095,0.029953232836583212
48,24500,0.45,0.45_1,0.02755505216188371,14.775176061238223,0.02497971248026867
49,25000,0.45,0.45_1,0.028545006268307836,14.779014546793826,0.026586557749990653
50,500,0.45,0.45_2,0.6927248187015294,8.295402570526507,0.15732133431188441
51,1000,0.45,0.45_2,0.5794188092118634,10.136466352621579,0.13948845387580924
52,1500,0.45,0.45_2,0.606956574033205,10.399198834381627,0.14062146519291668
53,2000,0.45,0.45_2,0.310955186262466,11.608751590480804,0.08594929501117705
54,2500,0.45,0.45_2,0.309680831634785,12.345214851060259,0.11854041252131967
55,3000,0.45,0.45_2,0.0471373296242893,13.565742321306228,0.02682464950184622
56,3500,0.45,0.45_2,-0.010429826784312625,13.82006845177293,-0.007027958554872933
57,4000,0.45,0.45_2,0.008162969868915414,13.48920704067522,0.005402139330743389
58,4500,0.45,0.45_2,0.041875534398668805,13.216222371134375,0.025831670313916297
59,5000,0.45,0.45_2,0.09245057735481092,12.833182869847604,0.052259391446706015
60,5500,0.45,0.45_2,0.13654256744200935,12.342612978720362,0.07573525242732596
61,6000,0.45,0.45_2,0.13793611315202492,12.757450189998126,0.08133488152760417
62,6500,0.45,0.45_2,0.07200076227716826,13.639936828050876,0.04769547924914173
63,7000,0.45,0.45_2,0.07126704041996099,13.528301289940242,0.04802352148384151
64,7500,0.45,0.45_2,0.06884147533054827,13.41259111044287,0.04675900574788426
65,8000,0.45,0.45_2,0.059496119657322676,13.272224298985835,0.04047772489150483
66,8500,0.45,0.45_2,0.06299035859074716,13.049983221420675,0.04246714934493905
67,9000,0.45,0.45_2,0.07258502800197837,13.076977926313333,0.04702696963562355
68,9500,0.45,0.45_2,0.12214522948238041,12.580958597370525,0.07053803226622835
69,10000,0.45,0.45_2,0.1393972347579521,12.248936789815012,0.07743308625126409
70,10500,0.45,0.45_2,0.15228552343938295,12.053777792390141,0.08270632652948336
71,11000,0.45,0.45_2,0.13927866517696683,12.193292681930368,0.0764641855538951
72,11500,0.45,0.45_2,0.11902270245909226,12.436952999691625,0.06659553868329951
73,12000,0.45,0.45_2,0.11260188641397872,12.49114317383821,0.06368489016577882
74,12500,0.45,0.45_2,0.1686960779242394,11.425934250967924,0.09038146643310535
75,13000,0.45,0.45_2,0.1277808535833458,12.348286631042955,0.07249836547558434
76,13500,0.45,0.45_2,0.10023498989160719,12.876634773927853,0.058954319472106755
77,14000,0.45,0.45_2,0.09522255847921698,12.888504848484663,0.05636214034076547
78,14500,0.45,0.45_2,0.09162981396907267,12.860835571510174,0.05431698247952104
79,15000,0.45,0.45_2,0.09275379608008498,12.72374581054898,0.054794352176502414
80,15500,0.45,0.45_2,0.10022756119828845,12.558321527210698,0.05863039023182723
81,16000,0.45,0.45_2,0.15663596705805888,11.291048603556426,0.08751950315265003
82,16500,0.45,0.45_2,0.1223552927701653,12.21958767494942,0.07202525473409993
83,17000,0.45,0.45_2,0.09676206111917449,12.85974808758068,0.05957634736070198
84,17500,0.45,0.45_2,0.0884748160101331,13.008991320849383,0.05547439158738893
85,18000,0.45,0.45_2,0.08488244005460555,13.03869173590744,0.05367858877721555
86,18500,0.45,0.45_2,0.08043813721249189,13.097850405789327,0.051373378606130136
87,19000,0.45,0.45_2,0.08183048983621703,13.022003119735357,0.052481981987759274
88,19500,0.45,0.45_2,0.07322626674334279,13.210471490266006,0.04757366383914335
89,20000,0.45,0.45_2,0.06665833550046756,13.334107280616148,0.04373646681906218
90,20500,0.45,0.45_2,0.0572330768479744,13.506054362090095,0.037897797334875666
91,21000,0.45,0.45_2,0.05650791792492062,13.44391334303464,0.0373708369234942
92,21500,0.45,0.45_2,0.057527490158399565,13.45182558961551,0.037960370419034224
93,22000,0.45,0.45_2,0.057599692553533276,13.439562059968093,0.03808769415722155
94,22500,0.45,0.45_2,0.05281940092302214,13.540028068547837,0.03516760877589122
95,23000,0.45,0.45_2,0.053896909895232374,13.473917040952676,0.03587810472214847
96,23500,0.45,0.45_2,0.06105114117384477,13.301282689132348,0.04054991839895478
97,24000,0.45,0.45_2,0.05769642422292575,13.368680196621185,0.0385630531807013
98,24500,0.45,0.45_2,0.056361505229939504,13.36329924237984,0.03772650819118046
99,25000,0.45,0.45_2,0.05569739327201486,13.338395267160372,0.03727640651103011
100,500,0.45,0.45_3,0.06900385223921415,10.81516420975071,0.02555134938825646
101,1000,0.45,0.45_3,0.1953604119712061,15.651419444928479,0.05260426719380639
102,1500,0.45,0.45_3,0.3577267384958655,16.9939138089363,0.08726735181830789
103,2000,0.45,0.45_3,0.09499085573600996,14.391962367621158,0.02721266526089757
104,2500,0.45,0.45_3,0.06353818519697124,13.719129194917196,0.0186217064402499
105,3000,0.45,0.45_3,-0.017027011428780978,13.000641706894154,-0.0054547386188275905
106,3500,0.45,0.45_3,-0.025470224417371297,12.831442761012347,-0.008459603194852663
107,4000,0.45,0.45_3,0.09846418672907524,13.439320649442042,0.03802829433206135
108,4500,0.45,0.45_3,0.01779563079152443,13.009166270180637,0.007597203441065166
109,5000,0.45,0.45_3,0.07751089668911047,13.313231509586997,0.03126616676073647
110,5500,0.45,0.45_3,0.12567131466833714,13.02199716209618,0.050952894888400296
111,6000,0.45,0.45_3,0.21621422867570225,13.722419214337279,0.0765945624339866
112,6500,0.45,0.45_3,0.24420163599081535,13.537183395698936,0.08502579568253987
113,7000,0.45,0.45_3,0.2498149667312122,13.672608890419237,0.08899927474929173
114,7500,0.45,0.45_3,0.26350826600180294,13.662519691411857,0.10060433087759761
115,8000,0.45,0.45_3,0.2385904068540127,13.84612870737908,0.09684520117255348
116,8500,0.45,0.45_3,0.2321475836123621,14.002595396129102,0.0989401863131477
117,9000,0.45,0.45_3,0.20384332514165193,14.100030158322793,0.09338672013379026
118,9500,0.45,0.45_3,0.20103228541221782,14.168082268209485,0.09648438666747569
119,10000,0.45,0.45_3,0.19810718750278278,14.301456312742923,0.09537432366698373
120,10500,0.45,0.45_3,0.20352558144888597,14.346948279080012,0.09967004946034204
121,11000,0.45,0.45_3,0.21326443643436044,14.728739418692877,0.09768716235580983
122,11500,0.45,0.45_3,0.25915850904511706,15.771335703014618,0.0975772315617793
123,12000,0.45,0.45_3,0.2878883229380104,16.22864271342521,0.09990809029683201
124,12500,0.45,0.45_3,0.2557124189587602,15.943838592659143,0.09088427768822628
125,13000,0.45,0.45_3,0.2532607399865326,15.755575760483183,0.09005454087468173
126,13500,0.45,0.45_3,0.2654937079035499,15.713865262901363,0.09398437365876475
127,14000,0.45,0.45_3,0.28010822174006517,15.692082388091464,0.10039791271891246
128,14500,0.45,0.45_3,0.28157535294708913,15.713982686472761,0.10656735323139577
129,15000,0.45,0.45_3,0.25076228283981394,16.342280341930874,0.09021104392616383
130,15500,0.45,0.45_3,0.2652596321120446,16.40116370917108,0.09413413352524913
131,16000,0.45,0.45_3,0.27359616664500364,16.702245941477564,0.0932640828922359
132,16500,0.45,0.45_3,0.27835023625719685,16.68026123665055,0.09516853381783773
133,17000,0.45,0.45_3,0.24787480761991934,16.40081027027243,0.08790441982084753
134,17500,0.45,0.45_3,0.2227094143935198,16.273029390528755,0.0824708426082759
135,18000,0.45,0.45_3,0.18868203023684071,15.968297354127161,0.07279315462847982
136,18500,0.45,0.45_3,0.18511920552453867,15.894510759807432,0.07267120001261757
137,19000,0.45,0.45_3,0.19262822312600605,15.939761195785401,0.07793612041016862
138,19500,0.45,0.45_3,0.15382680575127808,15.664830167394959,0.06530964620564789
139,20000,0.45,0.45_3,0.1282951449801803,15.46535507680446,0.05646676718375552
140,20500,0.45,0.45_3,0.11697427951955026,15.36880843368998,0.05276183721683005
141,21000,0.45,0.45_3,0.10513666916266812,15.26059265034652,0.04839362441301822
142,21500,0.45,0.45_3,0.09545982385337583,15.16996714886057,0.04477676230217581
143,22000,0.45,0.45_3,0.08386102460671879,15.050302316746162,0.03987974773214248
144,22500,0.45,0.45_3,0.09096600633843457,15.079095447227388,0.04329790485091173
145,23000,0.45,0.45_3,0.08870528635478907,15.050015223379184,0.04285097337540088
146,23500,0.45,0.45_3,0.07273127744826324,14.946882082791715,0.03600543438568701
147,24000,0.45,0.45_3,0.06521710819456458,14.865891968702888,0.03263114501714152
148,24500,0.45,0.45_3,0.06697906630041842,14.845877535918273,0.03352271956903326
149,25000,0.45,0.45_3,0.06729515516904087,14.84662799779008,0.033966307961069975
150,500,0.45,0.45_4,0.08713155931360012,8.12889971782971,0.04254803038410532
151,1000,0.45,0.45_4,0.16714863281013162,9.051418137653428,0.049119686679799664
152,1500,0.45,0.45_4,0.40212783758904463,7.554918853510436,0.11146696188650443
153,2000,0.45,0.45_4,0.36490178266196793,9.293222082226123,0.11873102196976372
154,2500,0.45,0.45_4,0.061485287061452044,11.08409500697376,0.027985500172116786
155,3000,0.45,0.45_4,0.07423720811505291,10.813133290869535,0.03426459977800229
156,3500,0.45,0.45_4,0.09348516537465354,10.523085725315909,0.041585314475101644
157,4000,0.45,0.45_4,0.16794764000658294,9.957802466054645,0.0674283740484023
158,4500,0.45,0.45_4,0.18999724506890944,9.708338058251961,0.07707455248203443
159,5000,0.45,0.45_4,0.16550195760241074,9.869681177531808,0.07089236453389103
160,5500,0.45,0.45_4,0.10785890196985086,10.39744991175816,0.05053711666752931
161,6000,0.45,0.45_4,0.08477004231848752,10.525833137790823,0.04090029216968155
162,6500,0.45,0.45_4,0.08785451128647515,10.326024161774118,0.042218996495375485
163,7000,0.45,0.45_4,0.1104903046177561,9.965182042748438,0.052531323617106336
164,7500,0.45,0.45_4,0.11942915073966512,9.913374407601912,0.05513494937305265
165,8000,0.45,0.45_4,0.14474165495696956,9.9750934888501,0.060545567115736346
166,8500,0.45,0.45_4,0.1811470824917052,9.713169603297755,0.07191588568577013
167,9000,0.45,0.45_4,0.1633564713052926,9.81627684737278,0.06586971952274481
168,9500,0.45,0.45_4,0.17637193183427835,9.531942293945546,0.07161629911287312
169,10000,0.45,0.45_4,0.18890614240347697,9.370993566749545,0.07931948545004357
170,10500,0.45,0.45_4,0.11902994031181274,10.482689208299679,0.05889240792081256
171,11000,0.45,0.45_4,0.10359203834165863,10.794139620092778,0.05672935281331905
172,11500,0.45,0.45_4,0.07459765729699136,11.259125568623837,0.04692202673353071
173,12000,0.45,0.45_4,0.02185080023345691,12.187061182836139,0.014484990588329453
174,12500,0.45,0.45_4,0.025333918466819524,12.193298471698432,0.017911971080076926
175,13000,0.45,0.45_4,-0.03730871000913195,13.252558928517114,-0.02592862571546163
176,13500,0.45,0.45_4,-0.03385252103844616,13.224355144312103,-0.024698890833930013
177,14000,0.45,0.45_4,-0.044142805120576306,13.608087414951832,-0.030274392733821806
178,14500,0.45,0.45_4,-0.0394775098651488,13.717469589239942,-0.02592203607518893
179,15000,0.45,0.45_4,-0.025419527909962217,13.538065844588083,-0.017269582929690292
180,15500,0.45,0.45_4,-0.020407029961633044,13.501469535074959,-0.014085464762906777
181,16000,0.45,0.45_4,-0.03921464721982221,14.00690317916187,-0.025645611397045034
182,16500,0.45,0.45_4,-0.035261997230094676,14.062710947051665,-0.022419255772453812
183,17000,0.45,0.45_4,-0.033011716190982074,14.097414293398135,-0.02069641789135646
184,17500,0.45,0.45_4,-0.027669410234622823,14.171485422235202,-0.016463430045928096
185,18000,0.45,0.45_4,-0.026713678497678986,14.097189175320596,-0.015779773048398334
186,18500,0.45,0.45_4,-0.024578804505128213,13.994487753308007,-0.014476743906876708
187,19000,0.45,0.45_4,-0.010568479299596147,14.17909087333736,-0.00584186415837956
188,19500,0.45,0.45_4,0.023836756175956528,14.547361613167169,0.011822460021167956
189,20000,0.45,0.45_4,0.016167477707716992,14.50676476083864,0.00814592130437159
190,20500,0.45,0.45_4,0.06830381770726791,14.773342361206968,0.031554812987791406
191,21000,0.45,0.45_4,0.13785733505336456,15.159576575990624,0.05822382118331146
192,21500,0.45,0.45_4,0.1249304958438315,15.266416977481615,0.05587456032611671
193,22000,0.45,0.45_4,0.14701622325299346,15.481184135939506,0.0664165092024728
194,22500,0.45,0.45_4,0.11451753972952407,15.536160560820578,0.05465669664672319
195,23000,0.45,0.45_4,0.09939015821065303,15.549488024889252,0.04956058120965299
196,23500,0.45,0.45_4,0.07777254691481157,15.572586435533164,0.04023257929271747
197,24000,0.45,0.45_4,0.06620958504795951,15.572099421566964,0.035256234736290415
198,24500,0.45,0.45_4,0.07120710726266867,15.544142510187529,0.03854570376096842
199,25000,0.45,0.45_4,0.0680288366239849,15.524759654234938,0.03744478915179257
200,500,0.45,0.45_5,-0.007392655326541158,9.623722643096725,-0.0038642028812454683
201,1000,0.45,0.45_5,0.3585104280811538,13.677246401357122,0.08807767932660956
202,1500,0.45,0.45_5,0.07662966028297778,12.26724035745541,0.022335395235638274
203,2000,0.45,0.45_5,0.40258795648573875,13.048967635482596,0.09855136165151046
204,2500,0.45,0.45_5,0.42373588608000967,12.964041555736458,0.12233303040674985
205,3000,0.45,0.45_5,0.41806717388513687,14.024980109323621,0.10600364553003323
206,3500,0.45,0.45_5,0.49156881571722577,13.933961194912314,0.1284290305621557
207,4000,0.45,0.45_5,0.14243461092158594,13.855700460015969,0.04690205854364333
208,4500,0.45,0.45_5,0.05214509561499317,13.828729473437244,0.019727600153688095
209,5000,0.45,0.45_5,0.03684118039855067,13.637482000674778,0.01410748842345903
210,5500,0.45,0.45_5,0.05149265054358745,13.549755832331666,0.019780290292662466
211,6000,0.45,0.45_5,0.29291467421982315,13.073384732450851,0.10440773731765625
212,6500,0.45,0.45_5,0.13573901367749777,13.676439688063919,0.05847244392388875
213,7000,0.45,0.45_5,0.0943361757120263,13.726966773227646,0.043152559814045026
214,7500,0.45,0.45_5,0.07580384549157039,13.816829921625695,0.03845161139910818
215,8000,0.45,0.45_5,0.13397484737307092,13.506885032397072,0.07170301665886417
216,8500,0.45,0.45_5,0.20993018436725414,13.606985158931401,0.11519882297018964
217,9000,0.45,0.45_5,0.0800831486419551,14.931337263781277,0.055394585678810206
218,9500,0.45,0.45_5,0.030958071402477506,15.417162852571122,0.024440776896767203
219,10000,0.45,0.45_5,0.005289579430132462,15.701456011321325,0.004682858206884857
220,10500,0.45,0.45_5,-0.01515795700953185,15.987510761508199,-0.014952410010967719
221,11000,0.45,0.45_5,-0.029661267157718878,16.162187249586584,-0.031668641493655475
222,11500,0.45,0.45_5,-0.020483978012725456,16.057876127136726,-0.022353718992417927
223,12000,0.45,0.45_5,-0.021835236476469205,16.06135023310421,-0.024572921538830523
224,12500,0.45,0.45_5,-0.030601408663716467,16.135218840779565,-0.03544352021506246
225,13000,0.45,0.45_5,-0.031466383426784615,16.12330844593971,-0.03661763945102038
226,13500,0.45,0.45_5,-0.025293697083667844,16.062118540151356,-0.029192072055630503
227,14000,0.45,0.45_5,-0.014264901851285738,15.954797308493388,-0.01621093233084405
228,14500,0.45,0.45_5,-0.010907850561714068,15.915040924509293,-0.012350841590406713
229,15000,0.45,0.45_5,-0.009717958601946566,15.86967555611778,-0.01095649896401763
230,15500,0.45,0.45_5,-0.011909001593687822,15.814454777369784,-0.013417408255489155
231,16000,0.45,0.45_5,-0.013136149515498472,15.739040585125956,-0.014733604119810262
232,16500,0.45,0.45_5,-0.013589018677854179,15.659682268404849,-0.015178155665502027
233,17000,0.45,0.45_5,-0.011238388411381223,15.613242307546706,-0.01238947681498336
234,17500,0.45,0.45_5,-0.011270914367276494,15.516723023073373,-0.012337924385082714
235,18000,0.45,0.45_5,-0.009374574826314281,15.4233745347279,-0.01020088541864843
236,18500,0.45,0.45_5,-0.00795287527769263,15.698554848923918,-0.008314910704030643
237,19000,0.45,0.45_5,-0.0074054570829834784,15.618687629719984,-0.00769795270552426
238,19500,0.45,0.45_5,-0.0039432502334396154,15.608201426799374,-0.003975556498829626
239,20000,0.45,0.45_5,0.006399206043789786,15.589180014508589,0.006028397671415324
240,20500,0.45,0.45_5,0.004142791765156784,15.560911778048531,0.00390734530327368
241,21000,0.45,0.45_5,0.003705619263587515,15.437798455168275,0.003488666075052832
242,21500,0.45,0.45_5,0.004884763967186052,15.411946594415241,0.004571180616702025
243,22000,0.45,0.45_5,0.0060192053973037165,15.330247793560389,0.005610170970390876
244,22500,0.45,0.45_5,0.007545162381941503,15.25352696858976,0.006983171731611262
245,23000,0.45,0.45_5,0.011137129746119752,15.427194840508752,0.009904071903854856
246,23500,0.45,0.45_5,0.016170936615735595,15.37457213551705,0.014008474614728577
247,24000,0.45,0.45_5,0.013739466069251057,15.35876916109523,0.01191763073430747
248,24500,0.45,0.45_5,0.01248529394874814,15.331307515949426,0.010828739832760554
249,25000,0.45,0.45_5,0.012131492353483845,15.293238863625177,0.01050557817412644
250,500,0.45,0.45_6,0.6724800200125457,7.55739713648617,0.1980134656568208
251,1000,0.45,0.45_6,0.4256932183834888,10.27817117023361,0.10721039073549876
252,1500,0.45,0.45_6,0.5338616937732017,10.030187051305957,0.13639253059959847
253,2000,0.45,0.45_6,0.6478780549752493,9.637191707063076,0.15025597877260718
254,2500,0.45,0.45_6,0.3736059131558304,10.437075478403292,0.1072815396605694
255,3000,0.45,0.45_6,0.460640093129128,9.859307200575946,0.14364660175861854
256,3500,0.45,0.45_6,0.6090724397941819,9.325296919438294,0.2206297660988091
257,4000,0.45,0.45_6,0.20457234451060258,11.750133225171894,0.10346679041808367
258,4500,0.45,0.45_6,0.11788698022123034,12.423755756356341,0.07564338279527749
259,5000,0.45,0.45_6,0.05704113258217855,13.374095310248165,0.04381438054260267
260,5500,0.45,0.45_6,0.03788219394375138,13.489734429700894,0.03220324592768721
261,6000,0.45,0.45_6,0.014715243714982945,13.56086492341079,0.012958075711554889
262,6500,0.45,0.45_6,0.026588660981475356,13.41753231817125,0.023359196987388347
263,7000,0.45,0.45_6,0.05737187585193911,13.09717107165587,0.04922559208058272
264,7500,0.45,0.45_6,0.04660729527711937,13.169744706881744,0.04128719967113175
265,8000,0.45,0.45_6,0.04962321555805846,13.091686740945157,0.04468918502934104
266,8500,0.45,0.45_6,0.040009714446422276,13.242826770844921,0.037359946178022525
267,9000,0.45,0.45_6,0.03630378540601064,13.37522448344661,0.03471298650411301
268,9500,0.45,0.45_6,0.029053865462888923,13.484531897852149,0.029080506154142476
269,10000,0.45,0.45_6,0.017010037039928653,13.670462966389621,0.01757772153959669
270,10500,0.45,0.45_6,0.009373040176735572,13.743723090594298,0.009835885371533399
271,11000,0.45,0.45_6,0.008675423147725517,13.613405348536807,0.009062645905280485
272,11500,0.45,0.45_6,0.012786043823379794,13.570945289142823,0.012991781995725904
273,12000,0.45,0.45_6,0.01590950179065628,13.458407176834664,0.01582923707582721
274,12500,0.45,0.45_6,0.0237294889665597,13.402616946738235,0.022307106451282106
275,13000,0.45,0.45_6,0.026753107580536978,13.305754737380589,0.02444515929228064
276,13500,0.45,0.45_6,0.026123038275115078,13.21939287332356,0.023714017837127784
277,14000,0.45,0.45_6,0.03179650597665397,13.155352971402474,0.028047586348823907
278,14500,0.45,0.45_6,0.048656817479635295,12.81370297762385,0.04104210489028671
279,15000,0.45,0.45_6,0.04222444627469967,12.91238928450726,0.03593127263727442
280,15500,0.45,0.45_6,0.03668464529015336,13.010132288947657,0.03150170745284111
281,16000,0.45,0.45_6,0.0486303667420603,12.720149060190373,0.04092169935592782
282,16500,0.45,0.45_6,0.04184654321365604,12.873357985987615,0.035827367746895405
283,17000,0.45,0.45_6,0.036836712829676016,12.954760128033817,0.031830108806782866
284,17500,0.45,0.45_6,0.03763193675637012,12.899531629494296,0.032338257937800985
285,18000,0.45,0.45_6,0.041313806084564246,12.804969815938199,0.03498607320198458
286,18500,0.45,0.45_6,0.0424071465814178,12.823454937565149,0.035502071012520266
287,19000,0.45,0.45_6,0.04900094569402862,12.760673953076212,0.03951695610876373
288,19500,0.45,0.45_6,0.049368711434431375,12.670553368551069,0.03944904381822077
289,20000,0.45,0.45_6,0.06155379933576992,12.447276525287215,0.046710207746860424
290,20500,0.45,0.45_6,0.06336391494198111,12.386653087559559,0.04781986305087362
291,21000,0.45,0.45_6,0.06535569960100968,12.28582502832675,0.049021183644293594
292,21500,0.45,0.45_6,0.06774455207876155,12.151705401606046,0.05059124183793732
293,22000,0.45,0.45_6,0.07031456045276878,12.080069781896498,0.05168642416031954
294,22500,0.45,0.45_6,0.07237240784376667,11.988270932519479,0.05268096205474991
295,23000,0.45,0.45_6,0.07290687081269798,11.919328648415137,0.0525847055010937
296,23500,0.45,0.45_6,0.07331326531735237,11.85511566909788,0.052787014035913814
297,24000,0.45,0.45_6,0.07417798539838405,11.874062561940331,0.05306218639722515
298,24500,0.45,0.45_6,0.07591887319738286,11.781242314661952,0.05443386987623481
299,25000,0.45,0.45_6,0.07680262949760391,11.768287839787746,0.0552475760931707
300,500,0.45,0.45_7,0.9861164840014912,5.280611459734936,0.24881511959150682
301,1000,0.45,0.45_7,1.451100468101557,5.594267265170753,0.25671585560017923
302,1500,0.45,0.45_7,0.957930523957827,6.5864428234697945,0.2060863149612642
303,2000,0.45,0.45_7,0.6756207456404313,9.342367956354314,0.16426950558346395
304,2500,0.45,0.45_7,0.6491886939369146,9.539422268379264,0.1433988609668147
305,3000,0.45,0.45_7,0.5473163551695867,9.454411458903722,0.1258520590252773
306,3500,0.45,0.45_7,0.6436296717820049,9.010831045587299,0.159718787431635
307,4000,0.45,0.45_7,0.5587465303609129,9.161176095111703,0.15458450011437763
308,4500,0.45,0.45_7,0.4777254956061225,9.520603607830093,0.14541066482689263
309,5000,0.45,0.45_7,0.3056866261926762,10.689817018477598,0.12156748822358278
310,5500,0.45,0.45_7,0.2664703302913533,10.890349907831247,0.11669580512372968
311,6000,0.45,0.45_7,0.17327775660646513,11.465510106940735,0.08895974569699465
312,6500,0.45,0.45_7,0.08566224641946031,12.019225348796628,0.049223330455437316
313,7000,0.45,0.45_7,0.10063904982240515,11.865235276968646,0.057873094584824904
314,7500,0.45,0.45_7,0.1065308152979937,11.737029091969212,0.062242549529065175
315,8000,0.45,0.45_7,0.11043966527439994,11.708385958827316,0.0652941908077441
316,8500,0.45,0.45_7,0.11008841028648211,11.625707701243586,0.06504144302758716
317,9000,0.45,0.45_7,0.12518705445770703,11.424565119878038,0.07190687092705367
318,9500,0.45,0.45_7,0.16473318846801185,11.25330939317244,0.08561322983161952
319,10000,0.45,0.45_7,0.1746511387318435,11.109973127909775,0.08984772948761054
320,10500,0.45,0.45_7,0.16799796568848774,11.042428049746853,0.08681714199141209
321,11000,0.45,0.45_7,0.18319803250562022,10.953411000387689,0.09176689806466005
322,11500,0.45,0.45_7,0.19311449937157402,10.788721503985817,0.09738232396241187
323,12000,0.45,0.45_7,0.15609562077779898,11.573172886747637,0.08560503768390014
324,12500,0.45,0.45_7,0.13432506470325953,12.07215842461028,0.07968058999326103
325,13000,0.45,0.45_7,0.11398993683161532,12.50845476901318,0.0735169630672325
326,13500,0.45,0.45_7,0.08444869812064235,13.263916734244946,0.053420945344029774
327,14000,0.45,0.45_7,0.0789229831541597,13.449556440620501,0.050611181485112594
328,14500,0.45,0.45_7,0.09177195297619234,13.214454208999138,0.061440356921623196
329,15000,0.45,0.45_7,0.07775937326611444,13.516920494092703,0.054140418305591215
330,15500,0.45,0.45_7,0.0871982204311908,13.359489365786313,0.06347958960857275
331,16000,0.45,0.45_7,0.09178186465874111,13.294514411939048,0.07068628945240321
332,16500,0.45,0.45_7,0.07920238517365602,13.618338628833202,0.061445930770528644
333,17000,0.45,0.45_7,0.056214126052023236,14.465313455867586,0.03888121640963
334,17500,0.45,0.45_7,0.06264429094763935,14.506300908452173,0.0419596579217011
335,18000,0.45,0.45_7,0.06873804980966002,14.402301952102723,0.04645748917951117
336,18500,0.45,0.45_7,0.07031399722327329,14.440036032896119,0.04731088747987519
337,19000,0.45,0.45_7,0.06920784088154891,14.457023547090532,0.04760928120299157
338,19500,0.45,0.45_7,0.0625050005924827,14.561436079604025,0.04462831630204876
339,20000,0.45,0.45_7,0.06392426467362752,14.550544054139221,0.04776658005311843
340,20500,0.45,0.45_7,0.06602516190508094,14.536770740716534,0.05255465448525663
341,21000,0.45,0.45_7,0.04145647912976029,14.832379595228872,0.03371209314261864
342,21500,0.45,0.45_7,0.042307638164514196,14.846016383816076,0.03508851250866965
343,22000,0.45,0.45_7,0.04489184811929868,14.82348870555558,0.037884179664945214
344,22500,0.45,0.45_7,0.031170790866339018,15.238459656570292,0.024727463412094603
345,23000,0.45,0.45_7,0.030573076239461712,15.386995211976572,0.023167422711236035
346,23500,0.45,0.45_7,0.034975784656758505,15.333738069669138,0.02685695863974774
347,24000,0.45,0.45_7,0.03621132740984299,15.33170694574852,0.028026381895539337
348,24500,0.45,0.45_7,0.03913577370574975,15.292319581325312,0.030416366052767842
349,25000,0.45,0.45_7,0.03621585114472071,15.347620969982263,0.028499444601813122
350,500,0.45,0.45_8,0.09178987764862685,11.117974076412473,0.032096871227458496
351,1000,0.45,0.45_8,0.00830931582894105,11.741131039070105,0.004999567940010406
352,1500,0.45,0.45_8,0.11847892355917779,13.030630861589696,0.07089666441724371
353,2000,0.45,0.45_8,0.1440614919925762,15.10389790198726,0.0701331269659907
354,2500,0.45,0.45_8,0.20234247642353656,16.4168911988167,0.10398085678405548
355,3000,0.45,0.45_8,0.12943559820904615,15.489095605619445,0.09300020995421691
356,3500,0.45,0.45_8,0.02388796304709877,14.145485809638805,0.02120457937406758
357,4000,0.45,0.45_8,-0.04111143360945247,14.024251224875993,-0.028882040096296784
358,4500,0.45,0.45_8,0.002461015305433377,16.517566463885775,0.0013498034191115821
359,5000,0.45,0.45_8,0.08892385294063036,20.40722895867662,0.03878069493136917
360,5500,0.45,0.45_8,0.20878563942552217,25.574391664503025,0.07524398897774986
361,6000,0.45,0.45_8,0.12692215302890056,22.6151792624189,0.04841605619976914
362,6500,0.45,0.45_8,0.1951826473387394,24.83430861962754,0.07280460587430501
363,7000,0.45,0.45_8,0.10734484213654541,22.287561199933332,0.04346981924947536
364,7500,0.45,0.45_8,0.06531782716594813,20.918995594707177,0.027963670553614355
365,8000,0.45,0.45_8,0.027235623298877968,19.75648696705952,0.012328845982768866
366,8500,0.45,0.45_8,-0.00382175088966567,18.842388381843026,-0.0018227340114958452
367,9000,0.45,0.45_8,-0.030044785322963216,17.998859390825977,-0.014763061937885432
368,9500,0.45,0.45_8,-0.04274876878612923,17.45848679417988,-0.021231265698948093
369,10000,0.45,0.45_8,-0.04626636978981681,17.156411547012482,-0.022960562382406523
370,10500,0.45,0.45_8,-0.04356111113591353,17.208781946598812,-0.021677049632859647
371,11000,0.45,0.45_8,-0.05445718801609372,16.891647854799306,-0.027734723155117724
372,11500,0.45,0.45_8,-0.0661414747906958,16.59609203455993,-0.03474216542851499
373,12000,0.45,0.45_8,-0.06603398833909949,16.559470859214784,-0.035325351171330836
374,12500,0.45,0.45_8,-0.034897514422910364,17.24722247353625,-0.018869745942003326
375,13000,0.45,0.45_8,-0.030094677777576673,17.437943211229225,-0.016866065409000295
376,13500,0.45,0.45_8,-0.036010830917296704,17.412627173897512,-0.02114006697620949
377,14000,0.45,0.45_8,-0.035556870323092446,17.473245256862985,-0.021919624941821567
378,14500,0.45,0.45_8,-0.05132743869840104,17.22530544577426,-0.033559054741758736
379,15000,0.45,0.45_8,-0.05250706557985923,17.190060420470875,-0.03551676173819794
380,15500,0.45,0.45_8,-0.05567623560045831,17.133476605689925,-0.03912172923908227
381,16000,0.45,0.45_8,-0.06261862244741322,17.017152487352405,-0.0453879349011579
382,16500,0.45,0.45_8,-0.0648128556874246,16.98347060432994,-0.04852670585157432
383,17000,0.45,0.45_8,-0.07242436754915711,16.865603248150954,-0.055839222844358105
384,17500,0.45,0.45_8,-0.07468312697220927,16.791463335970068,-0.05820203426572045
385,18000,0.45,0.45_8,-0.07009805781243034,16.88623979394776,-0.05503982537986933
386,18500,0.45,0.45_8,-0.07256777537441143,16.80919189822903,-0.05731276197330123
387,19000,0.45,0.45_8,-0.06656779459752084,16.935758029697023,-0.05234126173933138
388,19500,0.45,0.45_8,-0.062191881770370425,16.99358735762293,-0.049069065178843234
389,20000,0.45,0.45_8,-0.06514410736827844,16.921087394695416,-0.051828504865622675
390,20500,0.45,0.45_8,-0.06830118624053225,16.849626640568086,-0.054778183068553615
391,21000,0.45,0.45_8,-0.06526444418447402,16.877950087112442,-0.05257659697375807
392,21500,0.45,0.45_8,-0.06701035783657142,16.810447931181436,-0.05416525785450079
393,22000,0.45,0.45_8,-0.06883641840803995,16.72580081048582,-0.055713031914363643
394,22500,0.45,0.45_8,-0.05990034420043922,16.873876810757185,-0.047840610771566976
395,23000,0.45,0.45_8,-0.05328708627927357,16.970035602484447,-0.04254186458727022
396,23500,0.45,0.45_8,-0.05391443845323243,16.959518036602287,-0.04351506002441623
397,24000,0.45,0.45_8,-0.056749215572726844,16.903830891729847,-0.04610839621547446
398,24500,0.45,0.45_8,-0.0574911712068562,16.876113098880214,-0.04690397110246982
399,25000,0.45,0.45_8,-0.05811069088945818,16.845542888822237,-0.04753829572782361
400,500,0.45,0.45_9,1.1974942597394764,11.89291543480737,0.24316587647378374
401,1000,0.45,0.45_9,0.14702897176540738,12.341304630858307,0.05111650525280555
402,1500,0.45,0.45_9,0.2674024886256772,11.04708366317276,0.08446383682546253
403,2000,0.45,0.45_9,0.4095716629709073,10.597066837578605,0.11805723080611655
404,2500,0.45,0.45_9,0.5961650567236522,9.956313891698114,0.15082567213628292
405,3000,0.45,0.45_9,0.6310428756824429,9.877084118873821,0.1569067413705428
406,3500,0.45,0.45_9,0.38225209275233235,10.759064239719983,0.11400227252607414
407,4000,0.45,0.45_9,0.334704465237481,10.995100422239478,0.11637819425065923
408,4500,0.45,0.45_9,0.3848214800741447,10.723908692090824,0.14782064910469894
409,5000,0.45,0.45_9,0.19511232408635523,11.983618337761223,0.09363239354126549
410,5500,0.45,0.45_9,0.14326400299763226,12.675112045652703,0.07833146876610489
411,6000,0.45,0.45_9,0.10546896843774174,12.762476711710836,0.060767096362229864
412,6500,0.45,0.45_9,0.13155184289158242,12.358817605349033,0.07298326759597075
413,7000,0.45,0.45_9,0.13980275963341157,12.026308626321727,0.07620412827674147
414,7500,0.45,0.45_9,0.11698040644413221,12.506140506885394,0.06662448165088253
415,8000,0.45,0.45_9,0.11525560531502148,12.616016548837585,0.07164499599901215
416,8500,0.45,0.45_9,0.10613033273434073,12.90604091162562,0.07094226637170041
417,9000,0.45,0.45_9,0.06765741030191605,13.84042842389297,0.04613834018943691
418,9500,0.45,0.45_9,0.06118540521074401,14.369904818979103,0.03876517803144517
419,10000,0.45,0.45_9,0.07234046381473522,14.179554867152996,0.04710170389504015
420,10500,0.45,0.45_9,0.07543193014693304,14.717308195386405,0.04533436349096301
421,11000,0.45,0.45_9,0.07583071254088648,15.136227059914317,0.04382325566566312
422,11500,0.45,0.45_9,0.08585288868792933,14.980544600304238,0.049280355912272394
423,12000,0.45,0.45_9,0.10282173708306454,15.059820279108408,0.056231823995181444
424,12500,0.45,0.45_9,0.12647948970127243,15.297001500498327,0.06374109776763047
425,13000,0.45,0.45_9,0.1715973295022461,15.71547237524961,0.07608560659203034
426,13500,0.45,0.45_9,0.20160705481378818,15.916896112560519,0.08251701429130893
427,14000,0.45,0.45_9,0.21126245466251528,15.73560535385307,0.08666963000482393
428,14500,0.45,0.45_9,0.2233027967863271,15.612628522169832,0.09187667529945179
429,15000,0.45,0.45_9,0.23209601570772226,16.12314380480431,0.09176851196207557
430,15500,0.45,0.45_9,0.2357245237719767,16.174773669898602,0.09097449440591399
431,16000,0.45,0.45_9,0.25406379381144056,16.149382484629612,0.09567906427736904
432,16500,0.45,0.45_9,0.2542676690098783,15.98701939690532,0.09564359668398544
433,17000,0.45,0.45_9,0.25925115533141,16.044205333105893,0.0969991752818647
434,17500,0.45,0.45_9,0.24793646997226282,15.877097716498577,0.09309389084792916
435,18000,0.45,0.45_9,0.23522198634405456,15.72791899680374,0.08881392374220859
436,18500,0.45,0.45_9,0.22900638700883744,15.63976344375429,0.08663838220472879
437,19000,0.45,0.45_9,0.23391666625376287,15.57988304704955,0.0880426700219193
438,19500,0.45,0.45_9,0.2388357678658825,15.506315834787259,0.08937474435001981
439,20000,0.45,0.45_9,0.23750936382993018,15.411801961465287,0.0887498067360515
440,20500,0.45,0.45_9,0.23405760103876538,15.302192934350858,0.08746297988124456
441,21000,0.45,0.45_9,0.24667557028796558,15.244319194410018,0.0910188477338538
442,21500,0.45,0.45_9,0.26654911086778554,15.225233164304731,0.09686769675880455
443,22000,0.45,0.45_9,0.23905621703967544,15.235884333727377,0.08897042795545324
444,22500,0.45,0.45_9,0.23092458011489214,15.256785309710189,0.08688632810361051
445,23000,0.45,0.45_9,0.29101971985948166,15.186439000525986,0.10546763593823576
446,23500,0.45,0.45_9,0.2797918135940245,15.393660244864556,0.10456808356725429
447,24000,0.45,0.45_9,0.22736416391189462,15.68995991119168,0.09124833341135563
448,24500,0.45,0.45_9,0.19368383374173626,15.93100375802992,0.08170692152105032
449,25000,0.45,0.45_9,0.172310074239331,16.020859728094962,0.07566597999997379
450,500,0.45,0.45_10,0.3618811714371863,9.427006082809191,0.1122562639739005
451,1000,0.45,0.45_10,0.2742362719873955,9.72695845184273,0.12180525374224795
452,1500,0.45,0.45_10,0.11814524125214447,10.406562233233819,0.05971834726404593
453,2000,0.45,0.45_10,0.21794305892259122,9.307547143377855,0.09594871553917107
454,2500,0.45,0.45_10,0.07879655579291778,10.737013519696134,0.03995756819677463
455,3000,0.45,0.45_10,0.16413344502695815,9.755812552884574,0.0743337714672988
456,3500,0.45,0.45_10,0.2619959975773669,8.606294826582491,0.1034436199800079
457,4000,0.45,0.45_10,0.2543084519188025,8.522525511006332,0.09864954611723846
458,4500,0.45,0.45_10,0.2381438492396434,8.717630250153109,0.09342612294001201
459,5000,0.45,0.45_10,0.5550302173671408,5.421677794669224,0.19553438476226012
460,5500,0.45,0.45_10,0.17433800119612658,11.32868906021453,0.08804017096783211
461,6000,0.45,0.45_10,0.1290531765843876,11.87728015427409,0.07061852605878301
462,6500,0.45,0.45_10,0.10004691643843999,12.133079429411142,0.05644926501556037
463,7000,0.45,0.45_10,0.09205078118501636,12.138321988395374,0.053198275358285696
464,7500,0.45,0.45_10,0.08747009588318862,12.003445223516035,0.05052880552647718
465,8000,0.45,0.45_10,0.08887078177942322,12.019942444639364,0.051390876103682086
466,8500,0.45,0.45_10,0.08788256321659585,12.199934216880687,0.052131149162156096
467,9000,0.45,0.45_10,0.08652134638578975,12.436429313803393,0.05104635346922823
468,9500,0.45,0.45_10,0.08575016551614224,12.877676689575715,0.0474948660752105
469,10000,0.45,0.45_10,0.09313568984482049,12.694230912779219,0.05006421677904543
470,10500,0.45,0.45_10,0.09931804314511043,12.350591443629,0.053174210300591274
471,11000,0.45,0.45_10,0.10918405909939674,12.12806557090844,0.057461569048641414
472,11500,0.45,0.45_10,0.14425351876916634,11.707128357290657,0.07029735444177723
473,12000,0.45,0.45_10,0.14632095697874903,11.59121097035912,0.06988479703987115
474,12500,0.45,0.45_10,0.15413724240060858,11.262881089346397,0.07337021812976899
475,13000,0.45,0.45_10,0.16164770541408993,11.084313098060399,0.07726217223421512
476,13500,0.45,0.45_10,0.1687742371324508,10.95470491637395,0.08131127558019523
477,14000,0.45,0.45_10,0.16463465731977647,11.164737155512338,0.08003500683602392
478,14500,0.45,0.45_10,0.16465351054383098,11.190091284199767,0.08276334751747474
479,15000,0.45,0.45_10,0.157545680014317,11.477427577330971,0.08009334273325606
480,15500,0.45,0.45_10,0.14863566523435745,12.123750159027606,0.07021229273581414
481,16000,0.45,0.45_10,0.15032873346824355,12.036693261382444,0.07067087382522284
482,16500,0.45,0.45_10,0.15476258452955383,11.786542258483852,0.07274367303906495
483,17000,0.45,0.45_10,0.1583538909761703,11.699995074004896,0.07516024568491865
484,17500,0.45,0.45_10,0.16554255104834034,11.506292808700342,0.07953928679997171
485,18000,0.45,0.45_10,0.15644627104305756,11.77323534316027,0.07744049029904396
486,18500,0.45,0.45_10,0.1494344474585738,11.978402591960352,0.0756818326307706
487,19000,0.45,0.45_10,0.14965072583927128,11.983533099391936,0.0782230356789172
488,19500,0.45,0.45_10,0.14332498356090778,12.142460605660663,0.07807518743424655
489,20000,0.45,0.45_10,0.1459496297394354,12.095554613082664,0.0836221977197507
490,20500,0.45,0.45_10,0.11497410803047382,12.824497640476975,0.06778445065628573
491,21000,0.45,0.45_10,0.12220234988761801,12.655914925570086,0.07393344489125356
492,21500,0.45,0.45_10,0.1200106882371373,12.736754021140499,0.07425055492565953
493,22000,0.45,0.45_10,0.11713239914635551,12.85379282910735,0.07310017993533748
494,22500,0.45,0.45_10,0.11319176372798796,12.95884771856135,0.0725968748064569
495,23000,0.45,0.45_10,0.1165356767346602,12.891409863810228,0.07707016188845452
496,23500,0.45,0.45_10,0.09807791014080859,13.39969135921744,0.06359594046181058
497,24000,0.45,0.45_10,0.09983979970525604,13.382705632658997,0.06511359981991156
498,24500,0.45,0.45_10,0.10270825763718702,13.313761140587152,0.06747559147870558
499,25000,0.45,0.45_10,0.10563349890609869,13.37258010771943,0.06784975249802841
500,500,0.45,0.45_11,1.0649853958368194,10.995750302619564,0.18137149198279795
501,1000,0.45,0.45_11,0.05336929931974779,10.56196841990535,0.020052983452658865
502,1500,0.45,0.45_11,0.3014381065597773,10.443648756044334,0.0951800057301266
503,2000,0.45,0.45_11,0.6296120863957038,10.898694212333078,0.1622717089690892
504,2500,0.45,0.45_11,0.29932624161978294,11.14944423276489,0.09721777075176694
505,3000,0.45,0.45_11,0.27620234814528144,10.97060595310123,0.09605989218699504
506,3500,0.45,0.45_11,0.2817606079438795,10.74396089896547,0.09600400036262932
507,4000,0.45,0.45_11,0.32075112121389554,10.406281616783485,0.10544930607484955
508,4500,0.45,0.45_11,0.3556700617261839,10.35600251981901,0.11308227094842083
509,5000,0.45,0.45_11,0.38241280473429534,10.150469420230788,0.11734624123259747
510,5500,0.45,0.45_11,0.37897164667581146,9.970723327322965,0.11481045737808593
511,6000,0.45,0.45_11,0.3998746534261415,9.717506847631325,0.1196271791248067
512,6500,0.45,0.45_11,0.4528121045408388,9.81178070598408,0.13047489138892274
513,7000,0.45,0.45_11,0.47865282516112684,9.635975228680426,0.14666520580293826
514,7500,0.45,0.45_11,0.34164530361818934,10.30351647758497,0.1191004580789726
515,8000,0.45,0.45_11,0.3147968685626583,10.388054179409938,0.11619916641895606
516,8500,0.45,0.45_11,0.2542583390254387,10.670592455458703,0.10049997779128542
517,9000,0.45,0.45_11,0.2414144093843462,10.62923585527573,0.09590194567070269
518,9500,0.45,0.45_11,0.22191786183648862,10.719749828036912,0.0898850360258033
519,10000,0.45,0.45_11,0.226394383538158,10.602211599507633,0.09225736230387638
520,10500,0.45,0.45_11,0.23840071511583666,10.556706009090773,0.10098273636558817
521,11000,0.45,0.45_11,0.16810160012722916,11.16538845369519,0.08040262408527499
522,11500,0.45,0.45_11,0.16664373186596693,11.129319138877356,0.0847230855057923
523,12000,0.45,0.45_11,0.15903371481889347,11.266178707564476,0.08921582168676237
524,12500,0.45,0.45_11,0.13490647977719544,11.465148905281538,0.08112474479521434
525,13000,0.45,0.45_11,0.1385575855819721,11.424249459400142,0.08898639005315218
526,13500,0.45,0.45_11,0.09831101500889064,11.854145151393917,0.06918081546810192
527,14000,0.45,0.45_11,0.09504677962223092,11.869789345041283,0.0699944111985616
528,14500,0.45,0.45_11,0.09743893603821792,11.843458407107372,0.07635499991999971
529,15000,0.45,0.45_11,0.07070791645329463,12.15166406656506,0.058839870260535124
530,15500,0.45,0.45_11,0.05832663915808023,12.270903805158497,0.05012596994362864
531,16000,0.45,0.45_11,0.06951765314932809,12.120837403267295,0.060518222572825804
532,16500,0.45,0.45_11,0.06417659896310905,12.149386974190328,0.05649710106402795
533,17000,0.45,0.45_11,0.0604759787591528,12.148851144208702,0.05358875543894747
534,17500,0.45,0.45_11,0.060050756888649644,12.120068034982717,0.0529372093928663
535,18000,0.45,0.45_11,0.06489050020263276,12.056094697082083,0.05632948583071894
536,18500,0.45,0.45_11,0.06244410385391359,12.033982670666811,0.054096207954965114
537,19000,0.45,0.45_11,0.06343981618979834,11.999799771495544,0.054666826311110805
538,19500,0.45,0.45_11,0.06291379698642463,11.897255446220118,0.05403429823705449
539,20000,0.45,0.45_11,0.06361064906940973,11.913782555694262,0.0543201169766838
540,20500,0.45,0.45_11,0.06536171703210589,11.971829311462876,0.05460420614379209
541,21000,0.45,0.45_11,0.07200820453154029,11.966671587210673,0.057835161783988995
542,21500,0.45,0.45_11,0.08456591899627243,11.88313333797449,0.06398762692597353
543,22000,0.45,0.45_11,0.08322675257359644,11.857322604461938,0.06287589324221282
544,22500,0.45,0.45_11,0.08427282094899169,11.80225204237616,0.06315679892530503
545,23000,0.45,0.45_11,0.08410444985538754,11.75897148421473,0.06271202872097609
546,23500,0.45,0.45_11,0.0943167197094896,11.632444524329514,0.06846114782422065
547,24000,0.45,0.45_11,0.09417058371463528,11.609240504068488,0.0682391742899978
548,24500,0.45,0.45_11,0.09571416679826618,11.572221781315976,0.06915985757377067
549,25000,0.45,0.45_11,0.10037271763007279,11.484191377390555,0.07169897701720962
550,500,0.45,0.45_12,1.419340631965322,12.882032476749696,0.2470237102451416
551,1000,0.45,0.45_12,0.661890923896606,13.196878112324278,0.15631927760027214
552,1500,0.45,0.45_12,0.314998844935653,12.174474772353875,0.11064042870104487
553,2000,0.45,0.45_12,0.4427419976547636,11.49343648780637,0.1479190083489763
554,2500,0.45,0.45_12,0.45970497332834614,12.83002230474964,0.1390731218747066
555,3000,0.45,0.45_12,0.6647109854102843,13.360071217097229,0.165895994004869
556,3500,0.45,0.45_12,0.4517672590612196,12.931623695038217,0.12390272470074991
557,4000,0.45,0.45_12,0.30684700879843274,12.47206551554308,0.08986958933077357
558,4500,0.45,0.45_12,0.3347672986642192,12.479456284394983,0.09594601713935087
559,5000,0.45,0.45_12,0.34236091860199713,12.475349672094907,0.09602523227827311
560,5500,0.45,0.45_12,0.3679800025364301,12.297368430667053,0.10481753640953546
561,6000,0.45,0.45_12,0.39659098683203425,12.378141380253046,0.11231991900046118
562,6500,0.45,0.45_12,0.37547298621508624,12.533893392797836,0.11457397060202863
563,7000,0.45,0.45_12,0.32367592238085613,12.70273164075679,0.12245377151245065
564,7500,0.45,0.45_12,0.17112350054198228,13.028394803446377,0.08546816748775642
565,8000,0.45,0.45_12,0.10881824715635696,13.166522869147705,0.06405750079339968
566,8500,0.45,0.45_12,0.07488260045973313,13.19895715003553,0.05344065854929718
567,9000,0.45,0.45_12,0.055014535265438334,13.275519533706415,0.04192417638961368
568,9500,0.45,0.45_12,0.04724679957942761,13.417991982819569,0.03576984515430328
569,10000,0.45,0.45_12,0.048012867943943605,13.468748104104208,0.03706187922436038
570,10500,0.45,0.45_12,0.06315856196480452,13.492649539467996,0.050577808603252526
571,11000,0.45,0.45_12,0.06385657729988659,13.524971695190438,0.05717865158772855
572,11500,0.45,0.45_12,0.023939025219164033,13.406098878543443,0.023682302891435775
573,12000,0.45,0.45_12,0.03995341420963931,13.500183736065066,0.04472096549060395
574,12500,0.45,0.45_12,-0.007831361404506172,13.376730793926805,-0.008447810003302386
575,13000,0.45,0.45_12,-0.008868985599094496,13.428144493438925,-0.009804042675964703
576,13500,0.45,0.45_12,-0.014808748477402437,13.46377089155543,-0.016566417680728043
577,14000,0.45,0.45_12,-0.016135489860708292,13.474298192227396,-0.018662687053631877
578,14500,0.45,0.45_12,-0.01142500463531607,13.525839616898157,-0.013639511464749848
579,15000,0.45,0.45_12,-0.005643059563721961,13.584557546194919,-0.007140212160923628
580,15500,0.45,0.45_12,-0.007794996127898297,13.578609774613577,-0.01037631427067749
581,16000,0.45,0.45_12,-0.0014673427818962534,13.649870392104388,-0.002045516254216157
582,16500,0.45,0.45_12,-0.00025823459467482553,13.678451494937761,-0.00037274712813615993
583,17000,0.45,0.45_12,-0.005708742820569933,13.652243752708216,-0.008310069664734712
584,17500,0.45,0.45_12,-0.005828394990662961,13.684566095515148,-0.008498042450254458
585,18000,0.45,0.45_12,-0.020438305150632014,13.834897146156884,-0.02614257216025403
586,18500,0.45,0.45_12,-0.017388120544239702,13.853472632243722,-0.022464261222960764
587,19000,0.45,0.45_12,-0.0147066837545572,13.924746071139888,-0.019049764099152267
588,19500,0.45,0.45_12,-0.01439027602232079,13.941947806422462,-0.01885733550531023
589,20000,0.45,0.45_12,-0.01795239736002532,14.243499612034125,-0.02163210089744549
590,20500,0.45,0.45_12,-0.01861555982220872,14.60307918794796,-0.02026410670617878
591,21000,0.45,0.45_12,-0.016714552022577163,14.603830359678414,-0.018235248247763923
592,21500,0.45,0.45_12,-0.013271855118816817,14.591062330704242,-0.014530023393914156
593,22000,0.45,0.45_12,-0.010844858761873334,14.630972131442611,-0.011990891454254358
594,22500,0.45,0.45_12,-0.016021159269480764,14.581286099306112,-0.0178525013857192
595,23000,0.45,0.45_12,-0.0133790357249478,14.62278573178678,-0.015004708442099033
596,23500,0.45,0.45_12,-0.012406012931363345,14.644529107364153,-0.013896962214710954
597,24000,0.45,0.45_12,-0.009952635249167223,14.674502009632874,-0.01124040530979812
598,24500,0.45,0.45_12,-0.010314277182955755,14.865167068476353,-0.011243281597306358
599,25000,0.45,0.45_12,-0.010444599771639994,15.22074622563896,-0.010447845518739876
600,500,0.45,0.45_13,0.36258112968584477,11.040215826896889,0.17567880462128785
601,1000,0.45,0.45_13,-0.4168099065739713,12.127167909493568,-0.1304772007963742
602,1500,0.45,0.45_13,-0.39058586800423634,12.396159522608526,-0.11554004049902868
603,2000,0.45,0.45_13,-0.37881028509337505,12.088490642368656,-0.11860478134848258
604,2500,0.45,0.45_13,-0.27696194372625405,12.187937422155846,-0.09301754769182144
605,3000,0.45,0.45_13,-0.05591818276164725,12.475078486147067,-0.02241013297376052
606,3500,0.45,0.45_13,-0.015422219127086441,12.837622445837649,-0.006571093361377859
607,4000,0.45,0.45_13,0.047658845349415904,13.286086876575071,0.019611656727430496
608,4500,0.45,0.45_13,0.07157803627336459,13.381776564222152,0.0332966339306671
609,5000,0.45,0.45_13,0.06316429020726158,13.438011483196851,0.03273257444423767
610,5500,0.45,0.45_13,0.08910432715641955,13.754921156271529,0.04380107673170938
611,6000,0.45,0.45_13,0.11181538698273066,13.989467682674796,0.056565932042834985
612,6500,0.45,0.45_13,0.031514743107471536,13.644721896997062,0.01778476417762008
613,7000,0.45,0.45_13,0.05040296512964397,13.816461315051392,0.03131803978192752
614,7500,0.45,0.45_13,0.033211947380057914,13.747526859239914,0.02446541501177071
615,8000,0.45,0.45_13,-0.001810510451332382,13.574295958431954,-0.0013846066455500189
616,8500,0.45,0.45_13,-0.0035372424667253657,13.680685629538754,-0.0026786843575865586
617,9000,0.45,0.45_13,-0.03212266587247761,14.00622525415957,-0.020839694919202185
618,9500,0.45,0.45_13,-0.025580380958920238,15.05506916187194,-0.013403198855495069
619,10000,0.45,0.45_13,-0.02536963344265845,14.76851318661447,-0.013278758928756792
620,10500,0.45,0.45_13,-0.019000192199740903,14.91604623795602,-0.009877795727691867
621,11000,0.45,0.45_13,-0.011410448222083662,15.032375852288903,-0.005955415879852464
622,11500,0.45,0.45_13,-0.004305968334250305,15.16267787986953,-0.002232694580291744
623,12000,0.45,0.45_13,0.005018366369354531,15.194469800593309,0.002622707422446408
624,12500,0.45,0.45_13,0.02453290247655793,15.422272009227939,0.013270972352330943
625,13000,0.45,0.45_13,0.028452724746347063,15.534108729208564,0.01594349585579587
626,13500,0.45,0.45_13,0.005319412631813086,15.632833579250807,0.0027656300173226414
627,14000,0.45,0.45_13,0.011256721111376475,15.692478539415939,0.005791319102171155
628,14500,0.45,0.45_13,0.023897260534145065,15.781037473053983,0.012333382843660642
629,15000,0.45,0.45_13,0.026043374199477925,15.877253880878861,0.01338835833298807
630,15500,0.45,0.45_13,0.0477530485241052,17.016592491639898,0.022279609335445618
631,16000,0.45,0.45_13,0.04854633432578406,16.88835800739055,0.022551662861255265
632,16500,0.45,0.45_13,0.0546484006700347,16.867320366222792,0.025388919118068745
633,17000,0.45,0.45_13,0.056681446889023095,16.968281818356317,0.026081613260041513
634,17500,0.45,0.45_13,0.06295705680008012,17.09347082315034,0.028626587014094467
635,18000,0.45,0.45_13,0.07123127620525437,17.27797810803733,0.031632688348191135
636,18500,0.45,0.45_13,0.07450538598162397,17.318399448590043,0.03290629609226457
637,19000,0.45,0.45_13,0.07989743520978518,17.342163847403583,0.03531890325426696
638,19500,0.45,0.45_13,0.08372220749166626,17.578209204878785,0.03638933834507632
639,20000,0.45,0.45_13,0.08642666956395524,17.540291762663088,0.03742786004492474
640,20500,0.45,0.45_13,0.08945122907973643,17.54538829012047,0.03845305258445159
641,21000,0.45,0.45_13,0.08744665221789236,17.422830238034436,0.03746691517886272
642,21500,0.45,0.45_13,0.09115734674194546,17.47727514220487,0.03885056540563573
643,22000,0.45,0.45_13,0.09151908509793545,17.47981121016589,0.038761954355685725
644,22500,0.45,0.45_13,0.1091353450182427,17.973066802083146,0.045112460815290106
645,23000,0.45,0.45_13,0.1607708989400615,19.40993002732548,0.06312807502754714
646,23500,0.45,0.45_13,0.1384566785016257,18.820200836218934,0.056074553014455616
647,24000,0.45,0.45_13,0.13213716512109458,18.60139783465444,0.054097653401296394
648,24500,0.45,0.45_13,0.13723123647691612,18.70749995343645,0.056750456976497096
649,25000,0.45,0.45_13,0.11989252379523122,18.26117727025907,0.05095380480441208
650,500,0.45,0.45_14,-0.29626312604763555,10.409858608593634,-0.1215628342944557
651,1000,0.45,0.45_14,-0.12304732327586303,11.561179872966504,-0.035223558846080645
652,1500,0.45,0.45_14,0.1224469751167263,13.033689140795103,0.03303872852981688
653,2000,0.45,0.45_14,0.13595516607998928,12.76832995134343,0.039724202472096085
654,2500,0.45,0.45_14,0.11300731629231983,12.285342713156567,0.035166481025531104
655,3000,0.45,0.45_14,0.5553342797734865,14.365129763429739,0.15107281129635394
656,3500,0.45,0.45_14,0.3997204924563428,13.600520887974964,0.1304208918017582
657,4000,0.45,0.45_14,0.28971890959529506,13.125615045516064,0.1063473729020714
658,4500,0.45,0.45_14,0.28163666486252353,13.172313315200212,0.11753873820793535
659,5000,0.45,0.45_14,0.3128225130696857,13.074190969171388,0.12966497840559313
660,5500,0.45,0.45_14,0.26728737569071453,12.715832829568859,0.11257191415606475
661,6000,0.45,0.45_14,0.2763687852497267,12.542912449074018,0.1147039432334963
662,6500,0.45,0.45_14,0.29353156226172844,12.587468528529847,0.1197121696689893
663,7000,0.45,0.45_14,0.3200462008861374,12.91178027545577,0.12274331445072223
664,7500,0.45,0.45_14,0.33048382863469256,12.853045908778814,0.12521075833800435
665,8000,0.45,0.45_14,0.4523564167642541,13.16943599883971,0.14961939978489114
666,8500,0.45,0.45_14,0.35914425241309095,13.217311328828552,0.1277828007017813
667,9000,0.45,0.45_14,0.28274385656391565,13.240960222908365,0.1083922646671779
668,9500,0.45,0.45_14,0.21704517823319952,13.322887669699796,0.0899579034468473
669,10000,0.45,0.45_14,0.1764426110241556,13.319009550104544,0.07689475426504538
670,10500,0.45,0.45_14,0.14948491410304612,13.317783300852524,0.06827077634999121
671,11000,0.45,0.45_14,0.11930760711856707,13.392542560861184,0.05810957202833727
672,11500,0.45,0.45_14,0.09991440013749277,13.455648089467836,0.0517410132329162
673,12000,0.45,0.45_14,0.08564856706399808,13.381575642324739,0.044870880013728215
674,12500,0.45,0.45_14,0.08984267517030918,13.23690349664685,0.04668768994647724
675,13000,0.45,0.45_14,0.10311632409206363,13.174995821506482,0.05247317413709031
676,13500,0.45,0.45_14,0.11117362440005152,13.08307100449159,0.055991550044399964
677,14000,0.45,0.45_14,0.10473150273483821,13.003487223403178,0.052745056334377
678,14500,0.45,0.45_14,0.10840270008553071,12.950267221262157,0.05421895967366117
679,15000,0.45,0.45_14,0.1323129706804553,12.856624956633487,0.06559689266940766
680,15500,0.45,0.45_14,0.10521221795231352,12.969475590757048,0.053800028251124364
681,16000,0.45,0.45_14,0.1046110115643746,12.833716749083491,0.053541777599012734
682,16500,0.45,0.45_14,0.12078215326084875,12.89148031879037,0.05993264532115413
683,17000,0.45,0.45_14,0.11834256112695948,12.9734669123029,0.058479054286302457
684,17500,0.45,0.45_14,0.09405296031994502,13.101236704566162,0.04780957703895933
685,18000,0.45,0.45_14,0.14847237930950233,12.705328208050053,0.07489194080052683
686,18500,0.45,0.45_14,0.2117343300444893,12.31742561558193,0.10468738618311918
687,19000,0.45,0.45_14,0.14477611333429996,13.012229478218806,0.0799838043937912
688,19500,0.45,0.45_14,0.12045883997099156,13.253154625564266,0.07149605371188171
689,20000,0.45,0.45_14,0.1068387054277747,13.374365829731158,0.06700756453736734
690,20500,0.45,0.45_14,0.08753605743486653,13.578570490995896,0.05835991120893596
691,21000,0.45,0.45_14,0.09625975509855553,13.504471643859802,0.06614413516760016
692,21500,0.45,0.45_14,0.08319101774428198,13.742001939122225,0.06040707880309015
693,22000,0.45,0.45_14,0.06341082657089364,14.021831601833375,0.04916130221694031
694,22500,0.45,0.45_14,0.05418920301421545,14.160978700842486,0.04448378905567814
695,23000,0.45,0.45_14,0.03941590623177274,14.345949539332201,0.03392300222157116
696,23500,0.45,0.45_14,0.03969484878224271,14.326770351947525,0.035251423496975624
697,24000,0.45,0.45_14,0.03560821250968805,14.367165651505502,0.03263058397170801
698,24500,0.45,0.45_14,0.03413247514209064,14.389188128009977,0.032305118568790085
699,25000,0.45,0.45_14,0.026178748438579823,14.502550799051695,0.025670031528759487
700,500,0.45,0.45_15,0.8769395326623253,10.718548125457385,0.19907846054750789
701,1000,0.45,0.45_15,0.178751398699322,10.731775288796404,0.08152716760449778
702,1500,0.45,0.45_15,0.11688964448672767,10.61853142649024,0.0707281070323802
703,2000,0.45,0.45_15,0.09047992436223243,10.703482162979299,0.06242695455387502
704,2500,0.45,0.45_15,0.15334376216720516,10.218473571073854,0.09962465194768194
705,3000,0.45,0.45_15,0.07226296208930465,10.796539349192662,0.05202758378423549
706,3500,0.45,0.45_15,0.04319766313913325,11.151464665255943,0.03558058744779643
707,4000,0.45,0.45_15,0.06807247968777358,11.091888197107032,0.06123117853021312
708,4500,0.45,0.45_15,0.020442283325937144,11.759772348340393,0.021662940526555513
709,5000,0.45,0.45_15,0.016662899173880114,11.760891210758361,0.018420205780257937
710,5500,0.45,0.45_15,0.04020739201998357,11.387319244588234,0.04521741810830204
711,6000,0.45,0.45_15,0.034154763503708566,11.464630951100345,0.03968063194981822
712,6500,0.45,0.45_15,0.036230661004694,11.390089469168279,0.04143787480881665
713,7000,0.45,0.45_15,0.058185807745164166,10.96643311165489,0.062234009024866484
714,7500,0.45,0.45_15,0.04714675022609083,11.126028466184943,0.0513177633395396
715,8000,0.45,0.45_15,0.04648812355519964,11.098913639718297,0.05039116242367712
716,8500,0.45,0.45_15,0.037727420768903785,11.238965967785587,0.041651926916986264
717,9000,0.45,0.45_15,0.04011670366528716,11.142458970165283,0.043504630872665276
718,9500,0.45,0.45_15,0.0390651063820225,11.083273634648481,0.04169535828658836
719,10000,0.45,0.45_15,0.037769230822429424,11.071264518682657,0.03981799492593614
720,10500,0.45,0.45_15,0.047821087994498655,10.843629633126229,0.04852028098580951
721,11000,0.45,0.45_15,0.04412952635126939,10.938528461519178,0.04492056575572962
722,11500,0.45,0.45_15,0.06862471841255793,10.305105061769009,0.06509018974299799
723,12000,0.45,0.45_15,0.052238488053215605,10.81237337943086,0.052540804826819186
724,12500,0.45,0.45_15,0.0419182834537341,11.105291205930271,0.04380744189064058
725,13000,0.45,0.45_15,0.03709961086582472,11.224370335505567,0.03978110635829563
726,13500,0.45,0.45_15,0.041510470631689195,11.086861871900728,0.04440150284424109
727,14000,0.45,0.45_15,0.04732808495679312,10.901075603906742,0.04959771652871634
728,14500,0.45,0.45_15,0.04889362319688593,10.814686172499343,0.0505970833977745
729,15000,0.45,0.45_15,0.07174059578457512,10.202576185407958,0.06814779096965691
730,15500,0.45,0.45_15,0.06421729977778433,10.426628856956667,0.062038719998300136
731,16000,0.45,0.45_15,0.05935431213712837,10.568273926796667,0.05835451809520145
732,16500,0.45,0.45_15,0.04956467345859083,10.87483741129318,0.04970443943614711
733,17000,0.45,0.45_15,0.047870422385742614,10.918957973174324,0.048561511145114894
734,17500,0.45,0.45_15,0.04226289669033895,11.104010149090481,0.043533055360312364
735,18000,0.45,0.45_15,0.03991681651599279,11.170927084525744,0.04162900228979828
736,18500,0.45,0.45_15,0.06900682076286334,10.134902364554558,0.0674857852477811
737,19000,0.45,0.45_15,0.06911510105219046,10.152522937146001,0.06882829142079949
738,19500,0.45,0.45_15,0.06200125951714557,10.420250675500412,0.06354660113684568
739,20000,0.45,0.45_15,0.06069972553812025,10.449868131295277,0.06340983914450435
740,20500,0.45,0.45_15,0.061158703362338536,10.42022036667426,0.06452769895333271
741,21000,0.45,0.45_15,0.05941142660907291,10.458227029518234,0.06305887739448447
742,21500,0.45,0.45_15,0.05886630750870293,10.443395171325697,0.062429744643407885
743,22000,0.45,0.45_15,0.06092920575882616,10.34474376917435,0.06420882237816004
744,22500,0.45,0.45_15,0.0649549197807124,10.181091406408584,0.06766430627425433
745,23000,0.45,0.45_15,0.06507551482642568,10.177864971266793,0.06779067464384157
746,23500,0.45,0.45_15,0.06450576888877436,10.193225900575772,0.06779279184840746
747,24000,0.45,0.45_15,0.08268803022265026,9.418916111141343,0.0841713266723175
748,24500,0.45,0.45_15,0.08027485036165152,9.510337694517187,0.08301904461364623
749,25000,0.45,0.45_15,0.07842607460157817,9.568838119349483,0.08154370356584956
750,500,0.45,0.45_16,0.2959998283681329,11.560080450758383,0.0709776980469427
751,1000,0.45,0.45_16,0.2898706847248502,11.146315784117876,0.1164002534197874
752,1500,0.45,0.45_16,0.5478879435461025,11.01738833617712,0.17767757048798477
753,2000,0.45,0.45_16,0.4260868015997982,11.265392739632873,0.18721743048275719
754,2500,0.45,0.45_16,0.23151563491980548,12.017164565577621,0.12249380856521451
755,3000,0.45,0.45_16,0.17208831414339631,12.307084610591737,0.10832883094062326
756,3500,0.45,0.45_16,0.149643199807465,12.444795998927104,0.10198028979692679
757,4000,0.45,0.45_16,0.14659224482026267,12.50933711150675,0.11612256181752226
758,4500,0.45,0.45_16,0.08744684356362492,12.325297999025594,0.08187485971365481
759,5000,0.45,0.45_16,0.08073377343969977,12.462748891428923,0.07794915167591296
760,5500,0.45,0.45_16,0.07382175248482982,12.590852972973844,0.07278371958494893
761,6000,0.45,0.45_16,0.04511445589862969,12.65785377025172,0.042667699663461976
762,6500,0.45,0.45_16,0.05025869788531515,12.731749302508394,0.04968948895903608
763,7000,0.45,0.45_16,0.027802809571799657,12.56167200046696,0.029223439316863307
764,7500,0.45,0.45_16,0.016812073724863617,12.988588785087169,0.01521174745775583
765,8000,0.45,0.45_16,0.019923096767838863,13.039464332858733,0.01847270380076391
766,8500,0.45,0.45_16,0.024265454203479662,13.578310390484745,0.01974567361306384
767,9000,0.45,0.45_16,0.03428372991399303,14.13527984369476,0.02592669917138868
768,9500,0.45,0.45_16,0.05645509616426247,15.318179886319399,0.035672189974753014
769,10000,0.45,0.45_16,0.07681855974149544,16.125838858302846,0.044058915412187385
770,10500,0.45,0.45_16,0.08096993013370343,16.19653538203238,0.04656512220941299
771,11000,0.45,0.45_16,0.11922051165479615,18.32789021171786,0.05744605129883093
772,11500,0.45,0.45_16,0.12981053095483266,18.69402619106767,0.059887303513321416
773,12000,0.45,0.45_16,0.12261828783810497,18.29959559386334,0.0566647854954866
774,12500,0.45,0.45_16,0.12519858490445865,18.232952550721635,0.05753610337254619
775,13000,0.45,0.45_16,0.12632246981312534,18.159896156084415,0.057630066614238154
776,13500,0.45,0.45_16,0.13175137595766725,18.153654076634222,0.0599251886425471
777,14000,0.45,0.45_16,0.1352046970017922,18.13078419645166,0.061282544839232074
778,14500,0.45,0.45_16,0.13887575260628823,18.162602769737614,0.06274125655179634
779,15000,0.45,0.45_16,0.14245217520253098,18.123537178809055,0.0642499214929773
780,15500,0.45,0.45_16,0.1430534635860273,18.158584207808484,0.06528733755444757
781,16000,0.45,0.45_16,0.14119475282200342,18.169249259805298,0.06432040350100357
782,16500,0.45,0.45_16,0.139168631597326,18.28824109093595,0.06237167958800439
783,17000,0.45,0.45_16,0.14319842089456514,18.302207029236655,0.06410310770373524
784,17500,0.45,0.45_16,0.15013633220250444,18.412735360645403,0.06830213093390562
785,18000,0.45,0.45_16,0.14141434720883556,18.37321277480925,0.06481775959783767
786,18500,0.45,0.45_16,0.14749057866245024,18.474169803328525,0.06769850547916445
787,19000,0.45,0.45_16,0.15345146325584014,18.58481243042479,0.071928498949054
788,19500,0.45,0.45_16,0.14929380467871,18.623747051673693,0.06941483342721307
789,20000,0.45,0.45_16,0.15167340449790687,18.724311134127376,0.07015155122469209
790,20500,0.45,0.45_16,0.1529044439455926,18.881910116653707,0.06942014958146538
791,21000,0.45,0.45_16,0.18714010196581862,20.16613541769518,0.07833794129697713
792,21500,0.45,0.45_16,0.2065806256935011,20.828662686914054,0.08313912682158993
793,22000,0.45,0.45_16,0.22854939129842278,21.588350901893026,0.088740478243888
794,22500,0.45,0.45_16,0.20463563694819925,20.828882205981937,0.08156487286892151
795,23000,0.45,0.45_16,0.19151390187410272,20.43531303101763,0.07773623797329578
796,23500,0.45,0.45_16,0.17257851879735606,19.8253337446136,0.07164215155851142
797,24000,0.45,0.45_16,0.1710138783383713,19.74765824919924,0.07164737500520109
798,24500,0.45,0.45_16,0.20198688448939203,20.667766130196203,0.08397710323898407
799,25000,0.45,0.45_16,0.21050715392098052,20.972113540597338,0.08792692598417283
800,500,0.45,0.45_17,0.14153876021603007,11.046077449083452,0.04683302280461541
801,1000,0.45,0.45_17,0.6090345403960605,13.560234544080071,0.12967512100503364
802,1500,0.45,0.45_17,0.5240089974520216,12.484918667680672,0.12381003134814189
803,2000,0.45,0.45_17,0.38124797472130323,12.43503190384142,0.14504077069135193
804,2500,0.45,0.45_17,0.11833427899893219,12.748228591764974,0.04437090428579277
805,3000,0.45,0.45_17,0.13039506217694058,13.004835760365523,0.05572181092219005
806,3500,0.45,0.45_17,0.12684344148984403,13.122692847530464,0.0712726079445187
807,4000,0.45,0.45_17,0.06976183765812206,12.867153750223183,0.05035328569700491
808,4500,0.45,0.45_17,0.08341161774510449,13.012745307222282,0.08282518466211096
809,5000,0.45,0.45_17,-0.0263840781972127,12.004716778251924,-0.02963074587590224
810,5500,0.45,0.45_17,-0.05263957732138797,12.119454035987703,-0.05388407756075969
811,6000,0.45,0.45_17,-0.06675582642632681,12.565469045036114,-0.056664228993988194
812,6500,0.45,0.45_17,-0.048595546941194966,12.710054777225855,-0.04234668917328072
813,7000,0.45,0.45_17,-0.024026792634074878,13.027928271186425,-0.022240317802041103
814,7500,0.45,0.45_17,-0.025852576113106523,13.098568946112051,-0.024035830587550374
815,8000,0.45,0.45_17,-0.025855191570291525,13.384234034779459,-0.02269562640081005
816,8500,0.45,0.45_17,-0.01211849458280586,13.610253481308586,-0.011040835880767628
817,9000,0.45,0.45_17,-0.014150888992960953,13.745477990183542,-0.01258488791211565
818,9500,0.45,0.45_17,-0.005645187129465026,14.133535229184838,-0.004713030296597793
819,10000,0.45,0.45_17,0.0014146399298282653,14.205090276703146,0.0011908295530236293
820,10500,0.45,0.45_17,0.006807253219892927,14.318111103813465,0.005798842274263453
821,11000,0.45,0.45_17,0.009003365079499682,14.450878131108052,0.007597102933683384
822,11500,0.45,0.45_17,0.011648248031015917,14.747503697079411,0.00935395023550304
823,12000,0.45,0.45_17,0.022223003919513318,15.416155790598241,0.0165070936633131
824,12500,0.45,0.45_17,0.0324305712288476,16.083978379379424,0.022287367772517917
825,13000,0.45,0.45_17,0.035238881008855666,16.116639866815056,0.024110384675079064
826,13500,0.45,0.45_17,0.03897381450516168,16.204035462246203,0.026604238445909506
827,14000,0.45,0.45_17,0.047318187161166606,16.38798322556211,0.032857707492719164
828,14500,0.45,0.45_17,0.04696131137773916,16.442028923150993,0.03250233370205567
829,15000,0.45,0.45_17,0.05101298458931253,16.531195325669056,0.03556521100955061
830,15500,0.45,0.45_17,0.05063602962259984,16.612824306229175,0.03480861558143149
831,16000,0.45,0.45_17,0.0557753878585987,16.711602216968892,0.03792536175203376
832,16500,0.45,0.45_17,0.06323357688784725,17.04278019257773,0.041694766447506804
833,17000,0.45,0.45_17,0.06659219149621966,17.064160528434662,0.04366640509609059
834,17500,0.45,0.45_17,0.07138019491483313,17.123109606011933,0.0468539477976988
835,18000,0.45,0.45_17,0.07025583805946703,17.27047888224569,0.04539651988054122
836,18500,0.45,0.45_17,0.0769679994840262,17.58105148720827,0.04799440988343296
837,19000,0.45,0.45_17,0.0789815593725058,17.665526204648117,0.049328336978409076
838,19500,0.45,0.45_17,0.08034252012859881,17.72148937961569,0.04992871771518367
839,20000,0.45,0.45_17,0.08282569345762864,17.74610996929096,0.05116002729973641
840,20500,0.45,0.45_17,0.08630709157981685,17.850051987971455,0.0534442557905141
841,21000,0.45,0.45_17,0.08890860965836447,17.92912883845444,0.055602069407167685
842,21500,0.45,0.45_17,0.08581600075254059,17.88094085794626,0.05406438374455264
843,22000,0.45,0.45_17,0.08969342963821303,17.998592071850407,0.05698614282767335
844,22500,0.45,0.45_17,0.09489122838159345,18.14918381453017,0.061036354921484126
845,23000,0.45,0.45_17,0.09382381683231615,18.177247081618386,0.05993372494667734
846,23500,0.45,0.45_17,0.09463241176876591,18.297405917693986,0.05948547349532897
847,24000,0.45,0.45_17,0.09925698427562457,18.403108420702903,0.06267799972456506
848,24500,0.45,0.45_17,0.09905074872918505,18.424496280943675,0.06290528771298609
849,25000,0.45,0.45_17,0.10326158616909155,18.919698816599954,0.06210380978575977
850,500,0.45,0.45_18,0.24166724620599894,9.19572041059323,0.07271741081440121
851,1000,0.45,0.45_18,0.2503596670756018,10.593078992019063,0.08906688241303663
852,1500,0.45,0.45_18,0.03890702142948477,10.877996936975345,0.021909122782512218
853,2000,0.45,0.45_18,-0.006248499265444611,11.494285961739012,-0.003376705207512254
854,2500,0.45,0.45_18,0.05915789046465818,12.589346658952847,0.025739200838873592
855,3000,0.45,0.45_18,0.10678168930568609,13.319228219066424,0.043100036239175625
856,3500,0.45,0.45_18,0.3311949109367805,16.51201759166567,0.1050792309417051
857,4000,0.45,0.45_18,0.3562162486335828,16.675182180652826,0.11183064993301725
858,4500,0.45,0.45_18,0.35976046002720485,17.172935748251657,0.11800080843039978
859,5000,0.45,0.45_18,0.22792897298371922,15.714519595822594,0.08453908114688745
860,5500,0.45,0.45_18,0.18998932373418023,15.169158672662276,0.07312641138629215
861,6000,0.45,0.45_18,0.13121710177688578,14.585618181193954,0.05401945441966066
862,6500,0.45,0.45_18,0.10946803245434497,14.461595686104081,0.050013769001045295
863,7000,0.45,0.45_18,0.09357256975052222,14.241907320955413,0.04433934996516217
864,7500,0.45,0.45_18,0.09253460993908079,14.219954587315575,0.04495191374747652
865,8000,0.45,0.45_18,0.06882874381317486,14.011321905207001,0.03498394322103002
866,8500,0.45,0.45_18,0.06268743825482653,13.908939514055339,0.03217892768703216
867,9000,0.45,0.45_18,0.050682994739844854,13.682742149960779,0.0261700411339114
868,9500,0.45,0.45_18,0.09180397206926053,14.064520046187255,0.04560471275632764
869,10000,0.45,0.45_18,0.09427708504857625,14.07407992394786,0.048905688832055545
870,10500,0.45,0.45_18,0.08477420769728201,14.07152380515209,0.04748609386760753
871,11000,0.45,0.45_18,0.050186195102513334,13.965646045349246,0.030105725436728903
872,11500,0.45,0.45_18,0.05259477735122391,13.91539243377908,0.03180707877712153
873,12000,0.45,0.45_18,0.041891439451488995,13.80291470604981,0.025621631223657113
874,12500,0.45,0.45_18,0.04247132944967918,13.748967587593192,0.026025471070311907
875,13000,0.45,0.45_18,0.033593470153188094,13.630858391356385,0.02069646922091367
876,13500,0.45,0.45_18,0.03735659893902306,13.54772086407546,0.022955241215193142
877,14000,0.45,0.45_18,0.04039308049838684,13.558760788785857,0.024773777049210303
878,14500,0.45,0.45_18,0.04427253610063764,13.754167247866999,0.026375969684765417
879,15000,0.45,0.45_18,0.03634479885437808,13.922044940708497,0.021924886977090698
880,15500,0.45,0.45_18,0.03654736328665711,13.97294827989981,0.021949396627912964
881,16000,0.45,0.45_18,0.03707930637011876,14.10880884212971,0.021703506867753457
882,16500,0.45,0.45_18,0.05588600076299292,14.41878089626983,0.03018517324011673
883,17000,0.45,0.45_18,0.057943022618728766,14.361334335808158,0.031108258652497393
884,17500,0.45,0.45_18,0.05918949027419498,14.270471442801828,0.031561995253364124
885,18000,0.45,0.45_18,0.0892064301981642,14.443411251495483,0.044755697929442256
886,18500,0.45,0.45_18,0.07748023391375612,14.34881932905587,0.03924218394312364
887,19000,0.45,0.45_18,0.0903042327416245,14.367980297863623,0.045379722483915565
888,19500,0.45,0.45_18,0.08560815189845486,14.333659311008377,0.043572772544860874
889,20000,0.45,0.45_18,0.09421012181383828,14.350868017316683,0.047701126917298796
890,20500,0.45,0.45_18,0.07937798997354344,14.32086426469394,0.04123877838468281
891,21000,0.45,0.45_18,0.07343141915168236,14.294628955594732,0.0385246688276606
892,21500,0.45,0.45_18,0.06935575737580972,14.256841375118718,0.036519224907681565
893,22000,0.45,0.45_18,0.07265685533273677,14.241324995769693,0.03844774369708476
894,22500,0.45,0.45_18,0.07032200386947392,14.227975231173868,0.037594575860506366
895,23000,0.45,0.45_18,0.06522691758799326,14.175731813467959,0.0350686965776509
896,23500,0.45,0.45_18,0.07068928791463056,14.170533175660236,0.037913131738426094
897,24000,0.45,0.45_18,0.06893251627018797,14.128973064944626,0.03704503109263234
898,24500,0.45,0.45_18,0.06558483733800122,14.077673491957253,0.035346314580145206
899,25000,0.45,0.45_18,0.07646001138024619,14.115489239087072,0.0405715061700878
900,500,0.45,0.45_19,0.4101955618318231,11.636075437343269,0.11885929986213115
901,1000,0.45,0.45_19,-0.09109064977329964,11.319260137685163,-0.06433343283259708
902,1500,0.45,0.45_19,0.02694932923449228,10.932422459988448,0.02042954643556612
903,2000,0.45,0.45_19,0.02734376008530113,10.510419402689978,0.019946891370356132
904,2500,0.45,0.45_19,0.04681366004319319,10.738101199042552,0.029246359631871457
905,3000,0.45,0.45_19,0.11725730213928115,10.442895337168828,0.06023830225964631
906,3500,0.45,0.45_19,0.15772891559399335,10.01449624426696,0.07617560156769096
907,4000,0.45,0.45_19,0.25492355306535763,9.634312504110252,0.1028913929781729
908,4500,0.45,0.45_19,0.26354423164584034,9.61477337349361,0.10426922127534545
909,5000,0.45,0.45_19,0.3235229641466869,9.310897273890433,0.1184454444653615
910,5500,0.45,0.45_19,0.3315181128905666,8.856183732441101,0.12035074862779643
911,6000,0.45,0.45_19,0.36949208556467716,8.611403785413078,0.12590634584584284
912,6500,0.45,0.45_19,0.37909862858304705,8.241784544654266,0.127420668782879
913,7000,0.45,0.45_19,0.3828024415471027,8.184178113264384,0.12640407593915837
914,7500,0.45,0.45_19,0.43594307011669775,7.602967288143544,0.1381774148526845
915,8000,0.45,0.45_19,0.40627225191441524,7.8565851196123475,0.13364140740279634
916,8500,0.45,0.45_19,0.41501626956732357,7.615964213372777,0.13617889875664207
917,9000,0.45,0.45_19,0.4655118617212929,7.1008713787732995,0.14802401572307372
918,9500,0.45,0.45_19,0.533474093616541,6.410098797557565,0.16102236959209945
919,10000,0.45,0.45_19,0.5014519280303604,6.600079129405477,0.15240807635918144
920,10500,0.45,0.45_19,0.46232092241108896,7.276730259921169,0.14738225763857937
921,11000,0.45,0.45_19,0.4357094495889372,8.284283564832982,0.12705325419915053
922,11500,0.45,0.45_19,0.44665419555280966,8.08301651385516,0.1292025993240994
923,12000,0.45,0.45_19,0.46689124057757775,7.8825778335245,0.1332787479834707
924,12500,0.45,0.45_19,0.44109632075644484,8.049909354681274,0.12728935339533828
925,13000,0.45,0.45_19,0.40316366623242483,8.385700638125584,0.1185884136851043
926,13500,0.45,0.45_19,0.39446002687515985,8.48906558243132,0.12082180435975884
927,14000,0.45,0.45_19,0.3553359245068723,8.92410650832159,0.11298576087971654
928,14500,0.45,0.45_19,0.300869276381591,9.597083633244173,0.10104186841900058
929,15000,0.45,0.45_19,0.28260301413955147,9.76784268296674,0.09702382345166283
930,15500,0.45,0.45_19,0.2629633540153543,9.939618063943941,0.09157414782292085
931,16000,0.45,0.45_19,0.26861473531046315,9.859086879064389,0.09436074466290134
932,16500,0.45,0.45_19,0.2601438415358525,9.95988255905782,0.09490814404291285
933,17000,0.45,0.45_19,0.22407529848446298,10.50659480518473,0.08733352659849615
934,17500,0.45,0.45_19,0.18444085140981772,11.082115593770654,0.07703123789724774
935,18000,0.45,0.45_19,0.16663618773171202,11.290170165679081,0.07143734890244696
936,18500,0.45,0.45_19,0.15742215810301013,11.37053459034598,0.06819583766876322
937,19000,0.45,0.45_19,0.15626093897004434,11.343798699411833,0.06778525985424255
938,19500,0.45,0.45_19,0.15721816037348954,11.235334252204545,0.06797750523957576
939,20000,0.45,0.45_19,0.16489030743033392,11.142211170848562,0.0706104267697771
940,20500,0.45,0.45_19,0.17042161369020345,11.006703479129747,0.07238325416275102
941,21000,0.45,0.45_19,0.1899339557945895,10.69110723081166,0.07922214619893306
942,21500,0.45,0.45_19,0.19904556977072302,10.54767757393568,0.08257350630276603
943,22000,0.45,0.45_19,0.20870484415627424,10.307299844853844,0.08728611026224188
944,22500,0.45,0.45_19,0.21367278258448333,10.225261787910412,0.09029528293246569
945,23000,0.45,0.45_19,0.19786609182047232,10.582841175847625,0.09088465381882296
946,23500,0.45,0.45_19,0.13745336879196388,11.968980482701374,0.06620212757650662
947,24000,0.45,0.45_19,0.13247040211286967,12.180962839060099,0.06414059905404353
948,24500,0.45,0.45_19,0.13346445918127317,12.161329566365785,0.06718955337850174
949,25000,0.45,0.45_19,0.11697336346909343,12.579868820035838,0.05962200894012581
950,500,0.45,0.45_20,-0.019974873089176694,9.225656209931108,-0.007634661350520256
951,1000,0.45,0.45_20,-0.08455515379934742,10.138541578682778,-0.04417399521878551
952,1500,0.45,0.45_20,-0.17869406039379584,9.948765183718047,-0.11250683481350822
953,2000,0.45,0.45_20,-0.07739319374895019,11.886973385934548,-0.0446329634731634
954,2500,0.45,0.45_20,0.020278622548958198,13.296961802838684,0.013341060211916144
955,3000,0.45,0.45_20,0.007533639903588329,14.406862673692093,0.004065110441313518
956,3500,0.45,0.45_20,0.07411630796859994,16.02238347507238,0.034675326171706065
957,4000,0.45,0.45_20,0.1179064869149558,16.723120468624394,0.053445842898124644
958,4500,0.45,0.45_20,0.13011989875119578,17.005960824636468,0.06199081588268502
959,5000,0.45,0.45_20,0.14588631584094552,17.348010836736837,0.07096525437519176
960,5500,0.45,0.45_20,0.1697160376972475,17.82722160476825,0.08867085840925154
961,6000,0.45,0.45_20,0.09214486730427471,16.30467146592639,0.05350571072569103
962,6500,0.45,0.45_20,0.07331935012895265,16.032062171646167,0.0436933250175872
963,7000,0.45,0.45_20,0.082900771829979,16.599122961123367,0.04609092527966702
964,7500,0.45,0.45_20,0.09838573941414874,16.97370434172556,0.05671655619490862
965,8000,0.45,0.45_20,0.08283163014023809,16.758848585681633,0.04711726003726254
966,8500,0.45,0.45_20,0.08787222253799598,16.900669746203832,0.0531248629753089
967,9000,0.45,0.45_20,0.08516255821221987,16.89254352284712,0.05486966116615325
968,9500,0.45,0.45_20,0.09430975429815668,17.16863317453326,0.0663242733711861
969,10000,0.45,0.45_20,0.08481715573435807,16.988206338201692,0.06081982249388814
970,10500,0.45,0.45_20,0.08984558910195409,17.154823222333192,0.07184073408121572
971,11000,0.45,0.45_20,0.07088279583977528,16.598712921471392,0.06361252936903017
972,11500,0.45,0.45_20,0.055390621177449535,16.13151061144922,0.05508651736108988
973,12000,0.45,0.45_20,0.03785417218429155,15.647232896714435,0.03843382506933029
974,12500,0.45,0.45_20,0.04410987887974307,15.86184858340879,0.04837310253218884
975,13000,0.45,0.45_20,0.03040945404017594,15.431054457240707,0.03498388700426098
976,13500,0.45,0.45_20,0.005723679326428518,14.766031012941779,0.006275821663116783
977,14000,0.45,0.45_20,-0.0063549075988301885,14.531033717424826,-0.006466031729372935
978,14500,0.45,0.45_20,-0.0017940881263376538,14.69290991263709,-0.0018359672917633648
979,15000,0.45,0.45_20,0.000519530835200868,14.779773233521553,0.0005383173306323294
980,15500,0.45,0.45_20,0.007868450632848276,15.017910300569334,0.008320780839950515
981,16000,0.45,0.45_20,0.0068174466411547695,15.164587132474022,0.006993908624372978
982,16500,0.45,0.45_20,0.007069907105934713,15.824140884755883,0.006266023049227238
983,17000,0.45,0.45_20,0.012061562391243891,16.345910529590345,0.010037402946493803
984,17500,0.45,0.45_20,0.01789670028862987,16.942644550032195,0.013882764812069912
985,18000,0.45,0.45_20,0.025166554476718877,17.46702886326873,0.0187078449939396
986,18500,0.45,0.45_20,0.0267788057294054,17.552479282168935,0.019803468938007832
987,19000,0.45,0.45_20,0.04752970737347958,19.432579276538007,0.030533247711732676
988,19500,0.45,0.45_20,0.04622936529429672,19.23125957997409,0.029649364291575733
989,20000,0.45,0.45_20,0.049651645797105855,19.44418904109696,0.031559391087798976
990,20500,0.45,0.45_20,0.04676082060673956,19.125824656739926,0.029720417105990896
991,21000,0.45,0.45_20,0.06493836716309993,20.373332518454216,0.039192886533466
992,21500,0.45,0.45_20,0.07979501294005008,21.410559784725255,0.04580977375385457
993,22000,0.45,0.45_20,0.07529590000250376,21.058366024680534,0.04340072692664949
994,22500,0.45,0.45_20,0.07302803069772026,20.83517824864811,0.04218694722998736
995,23000,0.45,0.45_20,0.07362792009780854,20.871336529554302,0.04252699634433016
996,23500,0.45,0.45_20,0.07157391192394416,20.682134048095108,0.04141269316309289
997,24000,0.45,0.45_20,0.07063374637927136,20.555637421739405,0.04083485883337835
998,24500,0.45,0.45_20,0.07431066548641777,20.775567996715402,0.04261995483317233
999,25000,0.45,0.45_20,0.07496344178086521,20.684596976245196,0.04295506520108978
